


USE MASTER
GO

CREATE DATABASE QLDETAI
GO

USE QLDETAI
GO

-- TAO BANG --

CREATE TABLE THAMGIADT
(
    MAGV       NVARCHAR (50),
	MADT       NVARCHAR (50),
	STT        INT,
	PHUCAP     FLOAT,
	KETQUA     NVARCHAR (50)

	CONSTRAINT PK_THAMGIADT PRIMARY KEY (MAGV, MADT, STT ),

)
GO

CREATE TABLE KHOA
(
   MAKHOA       NVARCHAR (50),
   TENKHOA      NVARCHAR (50),
   NAMTL        INT,
   PHONG        NVARCHAR (50),
   DIENTHOAI    NVARCHAR (50),
   TRUONGKHOA   NVARCHAR (50),
   NGAYNHANCHUC DATETIME

   CONSTRAINT PK_KHOA PRIMARY KEY (MAKHOA),

)
GO

CREATE TABLE BOMON
(
    MABM         NVARCHAR (50),
	TENBM        NVARCHAR (50),
	PHONG        NVARCHAR (50),
	DIENTHOAI    NVARCHAR (50),
	TRUONGBOMON  NVARCHAR (50),
	MAKHOA       NVARCHAR (50),
	NGAYNHANCHUC DATETIME

	CONSTRAINT PK_BOMON PRIMARY KEY (MABM),

)
GO

-- THAY ĐỔI KIỂU DỮ LIỆU CỘT--
-- ALTER TABLE TÊN BẢNG
-- ALTER COLUMN TÊN CỘT KIỂU DỮ LIỆU


CREATE TABLE CONGVIEC
(
   MADT       NVARCHAR (50),
   SOTT       INT,
   TENCV      NVARCHAR (50),
   NGAYBD     DATETIME,
   NGAYKT     DATETIME

   CONSTRAINT PK_CONGVIEC PRIMARY KEY (MADT, SOTT),
)
GO


CREATE TABLE GIAOVIEN
(
    MAGV      NVARCHAR (50),
	HOTEN     NVARCHAR (50),
	LUONG     FLOAT,
	PHAI      NVARCHAR (50),
	NGSINH    DATETIME,
	DIACHI    NVARCHAR (50),
	GVQLCM    NVARCHAR (50),
	MABM      NVARCHAR (50)

	CONSTRAINT PK_GIAOVIEN PRIMARY KEY (MAGV),
)
GO


CREATE TABLE GV_DT
(
   MAGV       NVARCHAR (50),
   DIENTHOAI  NVARCHAR (50),

   CONSTRAINT PK_GV_DT PRIMARY KEY (MAGV, DIENTHOAI ),
)
GO


CREATE TABLE DETAI
(
   MADT       NVARCHAR (50),
   TENDT      NVARCHAR (50),
   CAPQL      NVARCHAR (50),
   KINHPHI    FLOAT,
   NGAYBD     DATETIME,
   NGAYKT     DATETIME,
   MACD       NVARCHAR (50),
   GVCNDT     NVARCHAR (50)

   CONSTRAINT PK_DETAI PRIMARY KEY ( MADT ),
)
GO


CREATE TABLE CHUDE
(
   MACD      NVARCHAR (50),
   TENCD     NVARCHAR (50)

   CONSTRAINT PK_CHUDE PRIMARY KEY (MACD ),
)
GO


CREATE TABLE NGUOITHAN
(
   MAGV     NVARCHAR (50),
   TEN      NVARCHAR (50),
   NGSINH   DATETIME,
   PHAI     NVARCHAR (50)

   CONSTRAINT PK_NGUOITHAN PRIMARY KEY (MAGV, TEN ),
)
GO


--------------- TAO KHOA NGOAI------------
-- Tao khoa ngoai tham chieu den bang GIAOVIEN --

ALTER TABLE GV_DT
ADD CONSTRAINT FK_GV_DT FOREIGN KEY ( MAGV ) REFERENCES GIAOVIEN (MAGV);
GO

-- xóa khóa ngoại
--ALTER TABLE GV_DT
--DROP CONSTRAINT FK_MAGV
--GO


ALTER TABLE NGUOITHAN
ADD CONSTRAINT FK_GV_NGUOITHAN FOREIGN KEY (MAGV ) REFERENCES GIAOVIEN (MAGV);
GO

ALTER TABLE THAMGIADT
ADD CONSTRAINT FK_GV_THAMGIADT FOREIGN KEY (MAGV ) REFERENCES GIAOVIEN (MAGV );
GO

ALTER TABLE GIAOVIEN
ADD CONSTRAINT FK_GV_GIAOVIEN FOREIGN KEY ( GVQLCM ) REFERENCES GIAOVIEN (MAGV);
GO


ALTER TABLE BOMON
ADD CONSTRAINT FK_GV_BOMON FOREIGN KEY (TRUONGBOMON) REFERENCES GIAOVIEN (MAGV);
GO

ALTER TABLE KHOA
ADD CONSTRAINT FK_GV_KHOA FOREIGN KEY (TRUONGKHOA ) REFERENCES GIAOVIEN (MAGV);
GO

ALTER TABLE DETAI
ADD CONSTRAINT FK_GV_DETAI FOREIGN KEY ( GVCNDT ) REFERENCES GIAOVIEN (MAGV );
GO



-- Tao khoa ngoai tham chieu den bang BOMON --

ALTER TABLE GIAOVIEN
ADD CONSTRAINT FK_BM_GIAOVIEN FOREIGN KEY ( MABM ) REFERENCES BOMON ( MABM);
GO

-- tao khoa ngoai tham chieu den bang KHOA --

ALTER TABLE BOMON
ADD CONSTRAINT FK_K_BOMON FOREIGN KEY ( MAKHOA ) REFERENCES KHOA ( MAKHOA );
GO

-- Tao khoa ngoai tham chieu den bang CONGVIEC

ALTER TABLE THAMGIADT
ADD CONSTRAINT FK_CV_THAMGIADT FOREIGN KEY (MADT, STT) REFERENCES CONGVIEC (MADT,SOTT );
GO

-- Tao khoa ngoai tham chieu den bang DETAI --

ALTER TABLE CONGVIEC
ADD CONSTRAINT FK_DT_CONGVIEC FOREIGN KEY ( MADT ) REFERENCES DETAI ( MADT);
GO

-- Tao khoa ngoai tham chieu den bang CHUDE --

ALTER TABLE DETAI
ADD CONSTRAINT FK_CD_DETAI FOREIGN KEY (MACD ) REFERENCES CHUDE (MACD );
GO

 -----------------------------------------------------------------------

--    Tao rang buoc mien gia tri --

ALTER TABLE GIAOVIEN
ADD CONSTRAINT CK_GV_PHAI CHECK ( PHAI IN (N'Nam', N'Nữ'));
GO

ALTER TABLE NGUOITHAN
ADD CONSTRAINT CK_NGUOITHAN_PHAI CHECK ( PHAI IN (N'Nam', N'Nữ' ));
GO



--  KIEM TRA DR --


-- NHẬP DỮ LIỆU CHO BẢNG--

-- Nhập dữ liệu cho bảng  CHUDE  --

INSERT INTO CHUDE ( MACD, TENCD)
VALUES            (N'NCPT', N'Quản lí giáo dục');
GO
INSERT INTO CHUDE (MACD, TENCD)
VALUES            ('QLGD', N'Quản lý giáo dục')
GO
INSERT INTO CHUDE (MACD, TENCD)
VALUES            ('UDCN', N'Ứng dụng công nghệ')
GO

SELECT * FROM CHUDE

-- Nhập dữ liệu cho bảng GIAOVIEN --

-- Sao tự dưng em cho tùm lùm thế , có giống đề cho đâu
-- muốn tự cho dữ liệu thì phải trước đã. Toàn những liên kết phức tạp mà


INSERT INTO GIAOVIEN ( MAGV, HOTEN, LUONG, PHAI, NGSINH, DIACHI, GVQLCM, MABM )
VALUES               ( '001', N'Nguyễn Hoài An', 2000, N'Nam', '1973-02-15', N'25/3 Lạc Long Quân, Q.10, TP HCM',NULL ,NULL );
GO

INSERT INTO GIAOVIEN (MAGV, HOTEN, LUONG, PHAI, NGSINH, DIACHI, GVQLCM, MABM)
VALUES               ('002', N'Trần Trà Hương' , 2500 , N'Nữ', '1960-06-20' , N'125 Trần Hưng Đạo, Q.1, TP HCM' , NULL, NULL );
GO

INSERT INTO GIAOVIEN (MAGV, HOTEN, LUONG, PHAI, NGSINH, DIACHI, GVQLCM, MABM)
VALUES               ('003', N'Nguyễn Ngọc Ánh', 2200 , N'Nữ' , '1975/11/05', N'12/21 Võ Văn Ngân Thủ Đức, TP HCM', 002 , NULL);
GO

INSERT INTO GIAOVIEN (MAGV, HOTEN, LUONG, PHAI, NGSINH, DIACHI, GVQLCM, MABM)
VALUES               ('004', N'Trương Nam Sơn', 2300 , N'Nam' , '2004-4-24', N'215 Lý Thường Kiệt, TP Biên Hòa', NULL , NULL);
GO

INSERT INTO GIAOVIEN (MAGV, HOTEN, LUONG, PHAI, NGSINH, DIACHI, GVQLCM, MABM)
VALUES               ('005', N'Lý Hoàng Hà', 2500 , N'Nam' , '10/23/1954', N'ĐẠI QUANG',N'22/5 Nguyễn Xí, Q.Bình Thạnh, TP HCM', NULL, NULL );
GO

INSERT INTO GIAOVIEN (MAGV, HOTEN, LUONG, PHAI, NGSINH, DIACHI, GVQLCM, MABM)
VALUES ('006',N'Trần Bạch Tuyết',1500,N'Nữ','05/20/1980',N'127 Hùng Vương, TP Mỹ Tho','004',NULL)
GO

INSERT INTO GIAOVIEN (MAGV, HOTEN, LUONG, PHAI, NGSINH, DIACHI, GVQLCM, MABM)
VALUES ('007',N'Nguyễn An Trung',2100,'Nam','06/05/1976',N'234 3/2, TP Biên Hòa',NULL,NULL)
GO

INSERT INTO GIAOVIEN (MAGV, HOTEN, LUONG, PHAI, NGSINH, DIACHI, GVQLCM, MABM)
VALUES ('008',N'Trần Trung Hiếu',1800,'Nam','08/06/1977',N'22/11 Lý Thường Kiệt, TP Mỹ Tho','007',NULL)
GO

INSERT INTO GIAOVIEN (MAGV, HOTEN, LUONG, PHAI, NGSINH, DIACHI, GVQLCM, MABM)
VALUES ('009',N'Trần Hoàng Nam',2000,'Nam','11/22/1975',N'234 Trấn Não, An Phú, TP HCM','001',NULL)
GO

INSERT INTO GIAOVIEN (MAGV, HOTEN, LUONG, PHAI, NGSINH, DIACHI, GVQLCM, MABM)
VALUES ('010',N'Phạm Nam Thanh',1500,'Nam','12/12/1980',N'221 Hùng Vương, Q5, TP HCM','007',NULL)
GO



--DELETE FROM GIAOVIEN


-- Nhập dữ liệu cho bảng GV_DT    --

INSERT INTO GV_DT (MAGV, DIENTHOAI)
VALUES            ('001' , '096333333');
GO


INSERT INTO GV_DT (MAGV, DIENTHOAI)
VALUES            ( '001', '0913454545');
GO

INSERT INTO GV_DT (MAGV, DIENTHOAI)
VALUES            ( '002', '0838121212');
GO

INSERT INTO GV_DT (MAGV, DIENTHOAI)
VALUES ('003','0838121212')

INSERT INTO GV_DT(MAGV, DIENTHOAI)
VALUES ('003','0903656565')

INSERT INTO GV_DT (MAGV, DIENTHOAI)
VALUES ('003','0937125125')

INSERT INTO GV_DT(MAGV, DIENTHOAI)
VALUES ('006','0937888888')

INSERT INTO GV_DT (MAGV, DIENTHOAI)
VALUES ('008','0653717171')

INSERT INTO GV_DT(MAGV, DIENTHOAI)
VALUES ('008','0913232323')
GO


--  Nhập dữ liệu cho bảng NGUOITHAN   --

INSERT INTO NGUOITHAN (MAGV, TEN, NGSINH, PHAI)
VALUES ( '001', N'Hùng', '01/14/1990', N'Nam');
GO

INSERT INTO NGUOITHAN (MAGV, TEN, NGSINH, PHAI)
VALUES ('001',N'Thủy','12/08/1994',N'Nữ')

INSERT INTO NGUOITHAN (MAGV, TEN, NGSINH, PHAI)
VALUES ('003',N'Hà','09/03/1998',N'Nữ')

INSERT INTO NGUOITHAN (MAGV, TEN, NGSINH, PHAI)
VALUES ('003','Thu','09/03/1998',N'Nữ')

INSERT INTO NGUOITHAN (MAGV, TEN, NGSINH, PHAI)
VALUES ('007','Mai','03/26/2003',N'Nữ')

INSERT INTO NGUOITHAN (MAGV, TEN, NGSINH, PHAI)
VALUES ('007','Vy','02/14/2000',N'Nữ')

INSERT INTO NGUOITHAN (MAGV, TEN, NGSINH, PHAI)
VALUES ('008','Nam','05/06/1991','Nam')

INSERT INTO NGUOITHAN (MAGV, TEN, NGSINH, PHAI)
VALUES ('009','An','08/19/1996','Nam')

INSERT INTO NGUOITHAN (MAGV, TEN, NGSINH, PHAI)
VALUES ('010',N'Nguyệt','01/14/1990',N'Nữ')
GO


--  Nhập dữ liệu cho bảng  KHOA  --

INSERT INTO KHOA ( MAKHOA, TENKHOA, NAMTL, PHONG, DIENTHOAI, TRUONGKHOA, NGAYNHANCHUC )
VALUES (N'CNTT', N'Công nghệ thông tin ', 1995, N'B11', '0838123456','002','02/20/2005'; 
GO

INSERT INTO KHOA (MAKHOA, TENKHOA, NAMTL, PHONG, DIENTHOAI, TRUONGKHOA, NGAYNHANCHUC)
VALUES ('HH',N'Hóa học','1980','B41','0838456456','007','10/15/2001')

INSERT INTO KHOA (MAKHOA, TENKHOA, NAMTL, PHONG, DIENTHOAI, TRUONGKHOA, NGAYNHANCHUC)
VALUES ('SH',N'Sinh học','1980','B31','0838454545','004','10/11/2000')

INSERT INTO KHOA (MAKHOA, TENKHOA, NAMTL, PHONG, DIENTHOAI, TRUONGKHOA, NGAYNHANCHUC)
VALUES ('VL',N'Vật lý','1976','B21','0838223223','005','09/18/2003')
GO




--  Nhập dữ liệu cho bảng BOMON   --

INSERT INTO BOMON (MABM, TENBM, PHONG, DIENTHOAI, TRUONGBOMON, MAKHOA, NGAYNHANCHUC)
VALUES ('CNTT',N'Công nghệ tri thức','B15','0838126126',NULL,'CNTT',NULL)

INSERT INTO BOMON (MABM, TENBM, PHONG, DIENTHOAI, TRUONGBOMON, MAKHOA, NGAYNHANCHUC)
VALUES ('HHC',N'Hóa hữu cơ','B44','838222222',NULL,'HH',NULL)

INSERT INTO BOMON (MABM, TENBM, PHONG, DIENTHOAI, TRUONGBOMON, MAKHOA, NGAYNHANCHUC)
VALUES ('HL',N'Hóa lý','B42','0838878787',NULL,'HH',NULL)

INSERT INTO BOMON (MABM, TENBM, PHONG, DIENTHOAI, TRUONGBOMON, MAKHOA, NGAYNHANCHUC)
VALUES ('HPT',N'Hóa phân tích','B43','0838777777','007','HH','10/15/2007')

INSERT INTO BOMON (MABM, TENBM, PHONG, DIENTHOAI, TRUONGBOMON, MAKHOA, NGAYNHANCHUC)
VALUES ('HTTT',N'Hệ thống thông tin','B13','0838125125','002','CNTT','09/20/2004')

INSERT INTO BOMON (MABM, TENBM, PHONG, DIENTHOAI, TRUONGBOMON, MAKHOA, NGAYNHANCHUC)
VALUES ('MMT',N'Mạng máy tính','B16','0838676767','001','CNTT','05/15/2005')
GO

INSERT INTO BOMON (MABM, TENBM, PHONG, DIENTHOAI, TRUONGBOMON, MAKHOA, NGAYNHANCHUC)
VALUES ('SH',N'Sinh hóa','B33','0838234234',NULL,'SH',NULL)

INSERT INTO BOMON (MABM, TENBM, PHONG, DIENTHOAI, TRUONGBOMON, MAKHOA, NGAYNHANCHUC)
VALUES (N'VLĐT',N'Vật lý điện tử','B23','0838898898',NULL,'VL',NULL)

INSERT INTO BOMON (MABM, TENBM, PHONG, DIENTHOAI, TRUONGBOMON, MAKHOA, NGAYNHANCHUC)
VALUES (N'VLƯD',N'Vật lý ứng dụng','B24','0838454545','005','VL','02/18/2006')

INSERT INTO BOMON (MABM, TENBM, PHONG, DIENTHOAI, TRUONGBOMON, MAKHOA, NGAYNHANCHUC)
VALUES ('VS','Vi sinh','B32','0838909090','004','SH','01/01/2007')
GO


-- UPDATE dữ liệu cho bảng GIAOVIEN
UPDATE GIAOVIEN
SET MABM = 'MMT'
WHERE (MAGV = '001') OR (MAGV = '009')

UPDATE GIAOVIEN
SET MABM = 'HTTT'
WHERE (MAGV = '002') OR (MAGV = '003')

UPDATE GIAOVIEN
SET MABM = 'VS'
WHERE (MAGV = '004') OR (MAGV = '006')

UPDATE GIAOVIEN
SET MABM = N'VLĐT'
WHERE MAGV = '005'

UPDATE GIAOVIEN
SET MABM = 'HPT'
WHERE (MAGV = '007') OR (MAGV = '008') OR (MAGV = '010')
GO


-- Nhập dữ liệu cho bảng DETAI   --

INSERT INTO DETAI (MADT, TENDT, CAPQL, KINHPHI, NGAYBD, NGAYKT, MACD, GVCNDT)
VALUES ('001',N'HTTT quản lý các trường ĐH',N'ĐHQG',20,'10/20/2007','10/20/2008','QLGD','002')

INSERT INTO DETAI (MADT, TENDT, CAPQL, KINHPHI, NGAYBD, NGAYKT, MACD, GVCNDT)
VALUES ('002',N'HTTT quản lý giáo vụ cho 1 khoa',N'Trường',20,'10/12/2000','10/12/2001','QLGD','002')

INSERT INTO DETAI (MADT, TENDT, CAPQL, KINHPHI, NGAYBD, NGAYKT, MACD, GVCNDT)
VALUES ('003',N'Nghiên cứu chế tạo sợi Nanô Platin',N'ĐHQG',300,'10/20/2007','10/20/2008','NCPT','005')

INSERT INTO DETAI (MADT, TENDT, CAPQL, KINHPHI, NGAYBD, NGAYKT, MACD, GVCNDT)
VALUES ('004',N'Tạo vật liệu sinh học bằng màng ối người',N'Nhà nước',100,'10/20/2007','10/20/2008','NCPT','004')

INSERT INTO DETAI (MADT, TENDT, CAPQL, KINHPHI, NGAYBD, NGAYKT, MACD, GVCNDT)
VALUES ('005',N'Ứng dụng hóa học xanh',N'Trường',200,'10/20/2007','10/20/2008',N'ƯDCN','007')

INSERT INTO DETAI (MADT, TENDT, CAPQL, KINHPHI, NGAYBD, NGAYKT, MACD, GVCNDT)
VALUES ('006',N'Nghiên cứu tế bào gốc',N'Nhà nước',4000,'10/20/2007','10/20/2008','NCPT','004')

INSERT INTO DETAI (MADT, TENDT, CAPQL, KINHPHI, NGAYBD, NGAYKT, MACD, GVCNDT)
VALUES ('007',N'HTTT quản lý thư viện ở các trường ĐH',N'Trường',20,'10/20/2007','10/20/2008','QLGD','001')
GO


-- => Lưu ý: Xem lại bảng GIAOVIEN 

-- Ưu điểm của việc UPDATE dữ liệu: Dễ sử dụng

-- Nhược điểm: Sau khi bảng khóa chính có dữ liệu phải thực hiện
-- UPDATE dữ liệu. Nếu thuộc tính khóa ngoại là 1 thuộc tính
-- tham gia làm khóa chính thì sẽ báo lỗi do thuộc tính làm khóa
-- chính không được nhận giá trị NULL.


--  Nhập dữ liệu cho bảng CONGVIEC   --

INSERT INTO CONGVIEC (MADT, SOTT, TENCV, NGAYBD, NGAYKT)
VALUES ('001',1,N'Khởi tạo và lập kế hoạch','10/20/2007','12/20/2008')

INSERT INTO CONGVIEC (MADT, SOTT, TENCV, NGAYBD, NGAYKT)
VALUES ('001',2,N'Xác định yêu cầu','10/20/2007','12/20/2008')

INSERT INTO CONGVIEC (MADT, SOTT, TENCV, NGAYBD, NGAYKT)
VALUES ('001',3,N'Phân tích hệ thống','10/20/2007','12/20/2008')

INSERT INTO CONGVIEC (MADT, SOTT, TENCV, NGAYBD, NGAYKT)
VALUES ('001',4,N'Thiết kế hệ thống','10/20/2007','12/20/2008')

INSERT INTO CONGVIEC (MADT, SOTT, TENCV, NGAYBD, NGAYKT)
VALUES ('001',5,N'Cài đặt thử nghiệm','10/20/2007','12/20/2008')

INSERT INTO CONGVIEC (MADT, SOTT, TENCV, NGAYBD, NGAYKT)
VALUES ('002',1,N'Khởi tạo và lập kế hoạch','10/20/2007','12/20/2008')

INSERT INTO CONGVIEC (MADT, SOTT, TENCV, NGAYBD, NGAYKT)
VALUES ('002',2,N'Xác định yêu cầu','10/20/2007','12/20/2008')

INSERT INTO CONGVIEC (MADT, SOTT, TENCV, NGAYBD, NGAYKT)
VALUES ('002',3,N'Phân tích hệ thống','10/20/2007','12/20/2008')

INSERT INTO CONGVIEC (MADT, SOTT, TENCV, NGAYBD, NGAYKT)
VALUES ('002',4,N'Thiết kế hệ thống','10/20/2007','12/20/2008')

INSERT INTO CONGVIEC (MADT, SOTT, TENCV, NGAYBD, NGAYKT)
VALUES ('002',5,N'Cài đặt thử nghiệm','10/20/2007','12/20/2008')

INSERT INTO CONGVIEC (MADT, SOTT, TENCV, NGAYBD, NGAYKT)
VALUES ('006',1,N'Lấy mẫu','10/20/2007','12/20/2008')

INSERT INTO CONGVIEC (MADT, SOTT, TENCV, NGAYBD, NGAYKT)
VALUES ('006',2,N'Nuôi cấy','10/20/2007','12/20/2008')
GO



--  Nhập dữ liệu cho bảng  THAMGIADT  --
INSERT INTO THAMGIADT(MAGV, MADT, STT, PHUCAP, KETQUA)
VALUES ('001','002',1,0,NULL)

INSERT INTO THAMGIADT(MAGV, MADT, STT, PHUCAP, KETQUA)
VALUES ('001','002',2,2,NULL)

INSERT INTO THAMGIADT(MAGV, MADT, STT, PHUCAP, KETQUA)
VALUES ('002','001',4,2,N'Đạt')

INSERT INTO THAMGIADT(MAGV, MADT, STT, PHUCAP, KETQUA)
VALUES ('003','001',1,1,N'Đạt')

INSERT INTO THAMGIADT(MAGV, MADT, STT, PHUCAP, KETQUA)
VALUES ('003','001',2,0,N'Đạt')

INSERT INTO THAMGIADT(MAGV, MADT, STT, PHUCAP, KETQUA)
VALUES ('003','001',4,1,N'Đạt')

INSERT INTO THAMGIADT(MAGV, MADT, STT, PHUCAP, KETQUA)
VALUES ('003','002',2,0,NULL)

INSERT INTO THAMGIADT(MAGV, MADT, STT, PHUCAP, KETQUA)
VALUES ('004','006',1,0,N'Đạt')

INSERT INTO THAMGIADT(MAGV, MADT, STT, PHUCAP, KETQUA)
VALUES ('004','006',2,1,N'Đạt')
INSERT INTO THAMGIADT(MAGV, MADT, STT, PHUCAP, KETQUA)
VALUES ('006','006',2,1,N'Đạt')

INSERT INTO THAMGIADT(MAGV, MADT, STT, PHUCAP, KETQUA)
VALUES ('009','002',3,0,NULL)

INSERT INTO THAMGIADT(MAGV, MADT, STT, PHUCAP, KETQUA)
VALUES ('009','002',4,1,NULL)
GO




--------------------------------------------

SELECT *FROM BOMON
SELECT * FROM CONGVIEC
SELECT * FROM CHUDE
SELECT * FROM DETAI
SELECT * FROM GV_DT
SELECT * FROM GIAOVIEN
SELECT * FROM KHOA
SELECT * FROM NGUOITHAN
SELECT * FROM THAMGIADT












------------  NOTE  -------------
-- Vấn đề nằm ở chỗ em phải chèn hết dữ liệu của bảng giáo viên --
-- khi đó khóa chính bảng gv_dt (cũng Khóa ngoại của bảng GV) moi tham chiếu đến khóa chính của bảng GV được
-- Tương tự cho những bảng khác
-- Em không code theo dữ liệu file word cho à. Sao tự dưng tự biên ra dữ liệu vậy
-- Làm xong bài trong file word đã, hiểu đã, rồi  hẵng thử làm bài này với những dữ liệu tự cho sau ngheng


----------- NOTE VỀ NHẬP DỮ LIỆU  ---------------

-- Cái nào đứng 1 mình thì nhập chiếu, cái nào có tham chiếu thì nhập sau --
-- Khi nhập dữ liệu, khóa ngoại mang giá trị NULL ( điền vô sẽ lỗi ).
-- NHẬP DỮ LIỆU PHẢI TUẦN TỰ !!!! KHÔNG CHO LUNG TUNG --> XUNG ĐỘT DỮ LIỆU--> NGU.
--Ràng buộc CHECK , quy định khi nhập dữ liệu BẮT BUỘC phải đúng theo , ràng buộc ở trên. nhập sai , # --> LỖI --> NGU








